Workbook

Sheet Raw data
A1: Customer_ID | B1: Age | C1: Gender | D1: Income | E1: Employment_Status | F1: Loan_Amount | G1: Loan_Type | H1: Credit_Score | I1: Loan_Term_Months | J1: Region | K1: Repayment_Status | L1: Income Group | M1: Risk Level
A2: C0001 | B2: 56 | C2: Female | D2: 138778 | E2: Self-employed | F2: 26154 | G2: Personal | H2: 437 | I2: 12 | J2: Eldoret | K2: Defaulted | L2: High | M2: Low Risk
A3: C0002 | B3: 46 | C3: Female | D3: 72292 | E3: Employed | F3: 172876 | G3: Logbook | H3: 349 | I3: 24 | J3: Eldoret | K3: Paid | L3: High | M3: Low Risk
A4: C0003 | B4: 32 | C4: Female | D4: 33833 | E4: Unemployed | F4: 192760 | G4: Personal | H4: 553 | I4: 24 | J4: Mombasa | K4: Defaulted | L4: Middle | M4: Low Risk
A5: C0004 | B5: 25 | C5: Female | D5: 145230 | E5: Self-employed | F5: 84288 | G5: Logbook | H5: 725 | I5: 6 | J5: Eldoret | K5: Paid | L5: High | M5: Low Risk
A6: C0005 | B6: 38 | C6: Male | D6: 30309 | E6: Unemployed | F6: 71195 | G6: Personal | H6: 846 | I6: 12 | J6: Eldoret | K6: Defaulted | L6: Middle | M6: Low Risk
A7: C0006 | B7: 56 | C7: Female | D7: 16970 | E7: Unemployed | F7: 40581 | G7: SME | H7: 601 | I7: 3 | J7: Eldoret | K7: Defaulted | L7: Low | M7: Low Risk
A8: C0007 | B8: 36 | C8: Male | D8: 82474 | E8: Unemployed | F8: 50087 | G8: SME | H8: 648 | I8: 6 | J8: Mombasa | K8: Paid | L8: High | M8: Low Risk
A9: C0008 | B9: 40 | C9: Male | D9: 56540 | E9: Unemployed | F9: 184053 | G9: Personal | H9: 348 | I9: 24 | J9: Mombasa | K9: Defaulted | L9: Middle | M9: Low Risk
A10: C0009 | B10: 28 | C10: Male | D10: 28017 | E10: Employed | F10: 89298 | G10: Personal | H10: 373 | I10: 24 | J10: Mombasa | K10: Defaulted | L10: Low | M10: Low Risk
A11: C0010 | B11: 28 | C11: Female | D11: 85880 | E11: Self-employed | F11: 66167 | G11: Personal | H11: 560 | I11: 3 | J11: Eldoret | K11: Defaulted | L11: High | M11: Low Risk
A12: C0011 | B12: 41 | C12: Male | D12: 115570 | E12: Employed | F12: 194480 | G12: Logbook | H12: 655 | I12: 24 | J12: Mombasa | K12: Paid | L12: High | M12: Low Risk
A13: C0012 | B13: 53 | C13: Male | D13: 18702 | E13: Employed | F13: 59499 | G13: Logbook | H13: 559 | I13: 12 | J13: Eldoret | K13: Defaulted | L13: Low | M13: Low Risk
... A401: C0400 | B401: 51 | C401: Male | D401: 50806 | E401: Self-employed | F401: 108920 | G401: Personal | H401: 659 | I401: 6 | J401: Kisumu | K401: Paid | L401: Middle | M401: Low Risk

Sheet summary
A1: Default by loan type | B1: Defaulted | C1: Paid | D1: Default rate% | E1: Employment Status | F1: Defaulted | G1: Paid | H1: Default% | J1: Region | K1: Defaulted | L1: Paid | M1: Default rate% | O1: Income Group | P1: Defaulted | Q1: Paid | R1: Default rate% | T1: Avg credit scores by status | U1: Score
A2: Personal | B2: =COUNTIFS('Raw data'!G:G,A2,'Raw data'!K:K,"Defaulted") -> 137 | C2: =COUNTIFS('Raw data'!G:G,A2,'Raw data'!K:K,"Paid") -> 56 | D2: =B2/(B2+C2) -> 0.70984456 | E2: Employed | F2: =COUNTIFS('Raw data'!E:E,E2,'Raw data'!K:K,"Defaulted") -> 65 | G2: =COUNTIFS('Raw data'!E:E,E2,'Raw data'!K:K,"Paid") -> 123 | H2: =F2/(F2+G2) -> 0.34574468 | J2: Eldoret | K2: =COUNTIFS('Raw data'!J:J,J2,'Raw data'!K:K,"Defaulted") -> 47 | L2: =COUNTIFS('Raw data'!J:J,J2,'Raw data'!K:K,"Paid") -> 60 | M2: =K2/(K2+L2) -> 0.43925234 | O2: High | P2: =COUNTIFS('Raw data'!L:L,O2,'Raw data'!K:K,"Defaulted") -> 90 | Q2: =COUNTIFS('Raw data'!L:L,O2,'Raw data'!K:K,"Paid") -> 139 | R2: =P2/(P2+Q2) -> 0.3930131 | T2: Defaulted | U2: =AVERAGEIF('Raw data'!K:K,"Defaulted",'Raw data'!H:H) -> 524.13736
A3: SME | B3: =COUNTIFS('Raw data'!G:G,A3,'Raw data'!K:K,"Defaulted") -> 22 | C3: =COUNTIFS('Raw data'!G:G,A3,'Raw data'!K:K,"Paid") -> 95 | D3: =B3/(B3+C3) -> 0.18803419 | E3: Self-employed | F3: =COUNTIFS('Raw data'!E:E,E3,'Raw data'!K:K,"Defaulted") -> 43 | G3: =COUNTIFS('Raw data'!E:E,E3,'Raw data'!K:K,"Paid") -> 74 | H3: =F3/(F3+G3) -> 0.36752137 | J3: Kisumu | K3: =COUNTIFS('Raw data'!J:J,J3,'Raw data'!K:K,"Defaulted") -> 43 | L3: =COUNTIFS('Raw data'!J:J,J3,'Raw data'!K:K,"Paid") -> 44 | M3: =K3/(K3+L3) -> 0.49425287 | O3: Middle | P3: =COUNTIFS('Raw data'!L:L,O3,'Raw data'!K:K,"Defaulted") -> 37 | Q3: =COUNTIFS('Raw data'!L:L,O3,'Raw data'!K:K,"Paid") -> 73 | R3: =P3/(P3+Q3) -> 0.33636364 | T3: Paid | U3: =AVERAGEIF('Raw data'!K:K,"Paid",'Raw data'!H:H) -> 638.35321
A4: logbook | B4: =COUNTIFS('Raw data'!G:G,A4,'Raw data'!K:K,"Defaulted") -> 23 | C4: =COUNTIFS('Raw data'!G:G,A4,'Raw data'!K:K,"Paid") -> 67 | D4: =B4/(B4+C4) -> 0.25555556 | E4: Unemployed | F4: =COUNTIFS('Raw data'!E:E,E4,'Raw data'!K:K,"Defaulted") -> 74 | G4: =COUNTIFS('Raw data'!E:E,E4,'Raw data'!K:K,"Paid") -> 21 | H4: =F4/(F4+G4) -> 0.77894737 | J4: Mombasa | K4: =COUNTIFS('Raw data'!J:J,J4,'Raw data'!K:K,"Defaulted") -> 41 | L4: =COUNTIFS('Raw data'!J:J,J4,'Raw data'!K:K,"Paid") -> 58 | M4: =K4/(K4+L4) -> 0.41414141 | O4: Low | P4: =COUNTIFS('Raw data'!L:L,O4,'Raw data'!K:K,"Defaulted") -> 55 | Q4: =COUNTIFS('Raw data'!L:L,O4,'Raw data'!K:K,"Paid") -> 6 | R4: =P4/(P4+Q4) -> 0.90163934
J5: Nairobi | K5: =COUNTIFS('Raw data'!J:J,J5,'Raw data'!K:K,"Defaulted") -> 51 | L5: =COUNTIFS('Raw data'!J:J,J5,'Raw data'!K:K,"Paid") -> 56 | M5: =K5/(K5+L5) -> 0.47663551

Sheet dashboard
A1: LOAN PERFORMANCE DASHBOARD
